id,intitule,entreprise,lieu,type_contrat,teletravail,date_debut,duree_contrat_mois,niveau_diplome,nb_postes,competences_attendues,competences_a_acquerir,description,url_candidature,telephone_candidature,recipient_id,is_delegated,partner_label,codes_rome
6aa32b30c7fa79d3937d9e7a,Business analyst (H/F),MUTUELLE INTERIALE,75009 Paris 9e Arrondissement,Professionnalisation,,,12,,1,,,"Ambition du poste Rattaché(e) au pôle coordination du développement au sein de la Direction Développement Innovation et Stratégie Client, vous serez amené à participer l'analyse de la production et de l'activité commerciale ainsi qu'à la réalisation et le suivi des reportings. Vous intégrez un service qui occupe un rôle clé dans notre stratégie de développement. Missions du poste  - Bâtir, maintenir et partager les tableaux de bord d'analyse de la production et de l'activité commerciale. - Suivre les résultats individuels des commerciaux et l'atteinte des objectifs. - Contribuer à la fiabilisation des données commerciales par la mise en place des outils de contrôle et d'amélioration continue. - Participer à l'élaboration des procédures d'optimisation des process en coordination avec les autres membres de l'équipe.     Etudiant(e) préparant un niveau bac +4 à 5 en école d'ingénieur ou en école de commerce, vous souhaitez bénéficier d'une expérience enrichissante en tant que Business Analyst.  La maîtrise des outils décisionnels de requête serait un plus fortement apprécié.  Vous maîtrisez les logiciels informatiques (Excel, PowerPoint ...) Vous disposez d'une grande capacité à faire parler les chiffres et une facilité à les interpréter de manière opérationnelle.  Votre travail est orienté client et centré sur l'action et les résultats. Vous êtes méthodique, analytique, rigoureux(se) et avez le sens de l'écoute.  Vous faites preuve de curiosité et avez le goût du travail en équipe. Rythme d'alternance souhaité : 4jours/1 jour ou 3 semaines 1 semaine ou 3 jours 2 jour   Envie d'une expérience riche?? Venez construire votre avenir professionnel avec une alternance stimulante et formatrice au sein de la mutuelle Interiale?!   Remboursement transports (65%)  Une mutuelle (cotisation employeur de 60%) et prévoyance  Des titres restaurants?: 10 EUR / jour (participation employeur de 5.65 EUR)  Comité d'entreprise et ses nombreux avantages (chèques cadeaux, vacances, CESU...) Une organisation du travail hybride : 3 jours/sem de télétravail Vous rejoignez un espace de travail formel et informel, un lieu de convivialité pour rendre l'expérience collaborateur la plus agréable possible.  Un rooftop avec vue sur la Tour Eiffel.  De nombreuses initiatives sont aussi organisées régulièrement pour?renforcer les liens entre les collaborateurs et favoriser le bien-être au travail?: participation à des courses, tournoi de foot intersites, chorale d'entreprise, événements thématiques (concours photos d'été, calendrier de l'Avent digital...).",http://app.mytalentplug.com/description-offre.aspx?ojid=dkPVrttp702wDFvj/IEcRg==,,,False,France Travail,M1419
6aa32b30c7fa79d3937d9e7c,Alternance Data Analyst Clients - - Paris (F/H),,75001 Paris,Professionnalisation,,,12,,1,,,"Rattaché au pôle informatique et data analyse, vos missions seront de :Collecter les données clients,Contacter les clients par téléphone, e-mail et ponctuellement lors de visites pour compléter les informations,Renseigner et mettre à jour les données dans le nouvel outil métier,Vérifier la fiabilité et la qualité des informations saisies,Assurer le suivi des dossiers incomplets et effectuer les relances nécessaires,Participer ponctuellement à la planification et à la coordination de certaines interventions.",https://www.directemploi.com/candidatOffre/56301598?utm_source=pole-emploi&utm_medium=referral&utm_campaign=Pôle-Emploi,,,False,France Travail,M1419
6aa1d98ec7fa79d3937d2b03,Data analyst alternance/stage (H/F),UNION ST MARTIN,75006 Paris 6e Arrondissement,Apprentissage,,,6,"Bac, Bac Pro, BP (Bac)",1,,"Communiquer les résultats des études aux parties prenantes, Adapter les outils de traitement statistique de données","CE POSTE EST UN STAGE OU UNE ALTERNANCE POUR PREPARER UN BAC+3  Depuis sa création en 1963, l'Union Saint-Martin (USM) accompagne des associations à but non lucratif et des fondations intervenant dans les domaines de la protection sociale, de l'action sociale ainsi que du secteur sanitaire et médico-social. Fidèle à ses valeurs chrétiennes, elle est au service du clergé, des religieuses et des religieux. Elle s'adresse également à toutes les personnes qui se reconnaissent dans son projet et ses valeurs de solidarité. A ce jour, 6 entités font confiance à l'Union Saint-Martin et lui délèguent leur direction administrative et opérationnelle.  Rattaché(e) au Directeur de développement EMI et support logistique, vous participez à la création d'un infocentre destiné à centraliser, structurer et diffuser les données de l'entreprise. En tant que Data Analyst, vous transformez les données brutes en informations à forte valeur ajoutée pour l'équipe de gestion, la comptabilité et la Direction Générale. Vos travaux contribuent à l'élaboration de tableaux de bord, au pilotage de l'activité et à la production des comptes techniques.   Le(a) Data analyst F/H exercera les missions suivantes : - Recenser, analyser et cartographier les différentes sources de données (fichiers Excel, CSV, TXT et autres formats) ; - Concevoir et mettre en place une organisation pérenne, automatisée et sécurisée des données au sein de l'environnement Microsoft 365 Azure ; - Concevoir le modèle de données ; - Collecter, préparer, contrôler et enrichir les données ; - Développer des requêtes, tableaux de bord et rapports répondant aux besoins des différents services ; - Assurer la diffusion des données et administrer les droits d'accès dans le respect des règles de sécurité et de confidentialité ; - Rédiger et maintenir la documentation fonctionnelle et technique ainsi que les guides utilisateurs ; - Accompagner les utilisateurs dans la prise en main des outils et promouvoir les bonnes pratiques de gestion des données.  Profil : Vous préparez un BAC+3 Data, Informatique, SI orienté Office 365 : - Azure ; - Microsoft Fabric, Lakehouse ; - Power BI, DAX ; - Excel avancé ; - Power Query ; - Copilot Studio. Vous êtes organisé(e) et rigoureux(se) Vous avez un esprit de synthèse et d'analyse Vous faite preuve d'écoute active et d'un bon relationnel  Informations utiles : Contrat d'apprentissage/professionnalisation de 6 mois (avec un rythme de 2/3 semaines en entreprise) Poste basé à Paris 6ème Poste en 35h L'accord de télétravail de l'USM ne prévoit pas de TT pour les stagiaires/alternants 11€ Tickets restaurants pris en charge à 60% par l'employeur Salaire selon grille",https://candidat.francetravail.fr/offres/recherche/detail/213QBYH,,,False,France Travail,M1419
6a9c93a0192e2b0661763a3e,Alternant(e) Data Analyst F/H,UNION INVIVO (Bioline),92400 Courbevoie,Professionnalisation,,,12,,1,,,"Le Pôle InVia réunit s coopératives agricoles autour d'une ambition commune : mieux valoriser leurs données pour développer des usages concrets au service des métiers et de la performance des coopératives. Le Pôle InVia travaille notamment sur la mutualisation et la valorisation des données, la construction de référentiels communs et le développement de cas d'usages data répondant à des problématiques agricoles et métiers. Dans ce contexte, nous recherchons un(e) alternant(e) Data Analyst, avec une réelle appétence pour le secteur agricole, pour contribuer au développement des projets Data du Pôle InVia.  Missions 1. Contribuer aux cas d'usage data du Pôle InVia En appui du Responsable data, vous participerez à la conception et à la mise en ouvre des différents cas d'usage portés par InVia : -Préparation et analyse des données nécessaires aux projets -Exploration des données et réalisation d'analyses permettant de répondre aux problématiques métiers -Construction d'indicateurs et de visualisations -Participation aux phases de test et de validation des solutions -Analyse des résultats et identification de pistes d'amélioration Les sujets pourront concerner par exemple les pratiques agricoles, les rotations culturales, les intrants, les produits phytosanitaires ou encore les observations agronomiques.  2. Participer à la gestion et à la valorisation des référentiels Data Vous contribuerez à identifier, qualifier et rendre exploitables les données nécessaires aux différents cas d'usage : -Identification et collecte de sources de données  -Analyse de leur contenu et de leur structure -Évaluation de la qualité et de la cohérence des données -Nettoyage, rapprochement et standardisation des données -Optimisation des référentiels afin de faciliter leur réutilisation dans différents projets Les référentiels pourront notamment concerner les parcelles et cultures (RPG), les sols, les territoires, les produits et intrants agricoles ou d'autres données agronomiques.  3. Appuyer opérationnellement les groupes de travail InVia Les cas d'usage sont construits avec les coopératives membres du Pôle au travers de groupes de travail. Vous apporterez un soutien opérationnel à leur préparation et à leur suivi : -Préparation des données, analyses et supports nécessaires aux séances -Préparation des éléments permettant d'éclairer les décisions du groupe -Formalisation et suivi des actions décidées     Nous recherchons avant tout un profil curieux, analytique et concret, capable de travailler avec des données tout en cherchant à comprendre les problématiques métiers auxquelles elles doivent répondre. Formation Bac +4 / Bac +5 en : -Data / Data Analytics -Agronomie avec spécialisation Data -École d'ingénieur généraliste ou agricole avec une forte composante Data Une bonne maîtrise ou une première expérience de : -Manipulation de jeux de données volumineux ou provenant de sources différentes -Nettoyage, contrôle qualité et structuration de données -Analyse et visualisation de données -Power Bi, Excel et outils de business intelligence Qualités recherchées -Intérêt marqué pour l'agriculture et les problématiques agronomiques -Curiosité et envie de comprendre les données et ce qu'elles représentent -Rigueur dans la manipulation et le contrôle des données -Capacité d'analyse et esprit de synthèse -Autonomie et capacité à faire avancer concrètement un sujet -Capacité à échanger avec des profils métiers et techniques -Goût pour les projets collaboratifs",http://app.mytalentplug.com/redirection.aspx?ojid=oCY/ihGVpMbKrjoUOTRecg==,,,False,France Travail,M1419
6a95fc7192c585e6505c246f,Alternance Alternance - Contrôle de Gestion / Data Analyst (H/F) - Menton (F/H),,06500 Menton,Professionnalisation,,,12,,1,,,"Vos missionsRattaché(e) à la direction financière, vous participerez notamment à :Concevoir et mettre à jour des tableaux de bord de pilotage et des indicateurs de performance (KPI).Collecter, fiabiliser, structurer et analyser les données issues de différentes sources.Participer à l'élaboration des reportings mensuels et des analyses financières.Contribuer au processus budgétaire et aux prévisions d'activité.Identifier des axes d'amélioration des performances et proposer des recommandations basées sur l'analyse des données.Automatiser les reportings et optimiser les processus de traitement des données.Collaborer avec les équipes opérationnelles afin de répondre à leurs besoins en matière d'analyse et de pilotage.Participer à des projets transverses liés à la digitalisation de la fonction Finance.",https://www.directemploi.com/candidatOffre/55737907?utm_source=pole-emploi&utm_medium=referral&utm_campaign=Pôle-Emploi,,,False,France Travail,M1419
6a95fc7392c585e6505c26ae,Data analyst,,97419 La Possession,Apprentissage,,,12,"Bac, Bac Pro, BP (Bac)",1,,"Communiquer les résultats des études aux parties prenantes, Adapter les outils de traitement statistique de données","Afin de préparer un Bac+3/+5 avec une bonne maîtrise de Python, SQL et de l'écosystème Microsoft. Vous aurez pour missions : le traitement de données, modélisation SQL Server, automatisation Power Automate, dashboards, Power BI et veille IA.   Au d'un environnement technique structuré : Python, SQL Server, Power BI, Power Automate. De l'autonomie et du sens : cadrage des besoins métiers, fiabilisation des flux et projets exploratoires autour de l'IA.  N'hésitez pas à nous envoyer CV et lettre de motivation, toutes candidatures sans lettre de motivation sera refusée.",https://candidat.francetravail.fr/offres/recherche/detail/213CNNN,,,False,France Travail,M1419
6a8f653b5afa25d80735760f,ALTERNANT(E) Data Analyst / Data &amp; Project (H/F),Yamaha Motor Manufacturing Europe,02100 Saint-Quentin,Apprentissage,,,12,,1,,,"Missions :   - Exploitation de la data pour améliorer la performance industrielle   - Collecter et consolider les données issues des systèmes industriels et métiers   .  Nettoyer filtrer et structurer les données (logique ETL)   - Garantir la fiabilité, la cohérence et la disponibilité des données   - Analyser les données pour identifier les tendances, anomalies et leviers d'optimisation   - Concevoir et suivre des indicateurs de performances (KPI)   - Construire, développer et maintenir des tableaux de bord interactifs (Power Bi)   - Recueillir les besoins des équipes (production, qualité, logistique, .)   - Traduire les problématiques opérationnelles en solutions data concrètes   - Contribution à la structuration et à l'innovation data (projets &amp; IA)   - Participer à la mise en place de premiers cas d'usage en intelligence artificielle (IA)   - Développer des outils d'automatisation   - Participer au pilotage de projets informatiques   - Structurer et améliorer le suivi des projets (qualité, coûts, délais)   - Formation des utilisateurs  - Étudiant(e) en Master ou Mastère Informatique, data, statistiques, école d'ingénieur.   - Intérêt pour la data visualisation, pour la Business Intelligence et pour l'IA et l'automatisation.   - Notions de développement (Python, JavaScript, SQL, APIs.).   Autonomie, rigueur, esprit analytique et capacité à travailler en équipe.",https://www.lindustrie-recrute.fr/candidat/offre/824345?utm_source=NQ==,,,False,France Travail,M1419
6a84d93efca7a1d03b06314d,(Alternance) Data Analyst H/F,,92100 Boulogne-Billancourt,Professionnalisation,,,12,,1,,,"Solocal est le partenaire digital, local, de confiance de toutes les entreprises pour accélérer leur croissance. Solocal s'appuie sur six actifs stratégiques : des médias à très fortes audiences (PagesJaunes, Localpartner, OoTravaux.), la puissance de sa data géolocalisée, des plateformes technologiques évolutives, sa couverture commerciale dans toute la France, des partenariats privilégiés avec les GAFAM et de nombreux talents (experts en matière de data, de développement, de digital marketing, etc.). L'offre Solocal s'articule autour de différentes solutionsp&gt;L'offre Référencement prioritaire pour permettre à nos clients de bénéficier de la puissance de notre média PagesJaunes. L'offre Connect, permettant à nos clients d'assurer leur visibilité, d'interagir avec leurs clients (messagerie instantanée, gestion des avis) et de développer leur business (Prise de RDV, Devis en lignep&gt;L'offre Sites internet  La publicité digitale (le Display, l'offre à la Perf Booster Contact, la publicité sur Facebook avec l'offre Socialp&gt;Une gamme de solutions digitales complètes adaptés aux Réseaux d'enseignes et à leurs points de vente : Store Locator, Local Impact, Présence Managementp&gt;Les informations liées aux offres et à la société sont accessibles sur le site https://www.solocal.com/ Finalité du poste :Au sein de l'équipe Data Analyse de la Direction Data &amp; IA, l'alternant Data Analyst contribuera à la valorisation des données de Solocal afin d'éclairer les décisions métiers, d'accompagner la réalisation d'analyses à destination des équipes Commerce, Expérience Client, Marketing et Produit. Il participera à la réalisation d'analyses, à la construction d'indicateurs, à la production de restitutions claires et actionnables, ainsi qu'au maintien des outils mis à disposition des différents métiers. Il pourra également contribuer à des travaux de modélisation et à la création de modèles de machine learning, depuis la préparation des données jusqu'à l'analyse et l'interprétation des résultats. Dans ce cadre, il travaillera en collaboration avec les équipes data, produit et métiers afin de transformer les données en enseignements utiles au pilotage de l'activité et à la prise de décision.  Missions principalesu&gt; Assister les Data Analysts de l'équipe dans la réalisation de leurs analyses et projets data Créer et maintenir des dashboards à destination des équipes métiers Contribuer aux différents travaux de l'équipe Data Analyse Participer à l'aide au pilotage de l'activité à travers la production d'indicateurs, d'analyses et de restitutions synthétiques  Principales interactionsu&gt;Pour mener à bien votre mission, vous serez intégré à l'équipe data analyse, sous la direction du lead data analyst.",https://www.directemploi.com/candidatOffre/55763504?utm_source=pole-emploi&utm_medium=referral&utm_campaign=Pôle-Emploi,,,False,France Travail,M1419
6a6141694c95ed19f03d9b2d,SNCF - ALTERNANCE - Chargé ou chargée de Reporting Durabilité (H/F),SNCF,93380 Saint-Denis,Apprentissage,,,12,,1,,,"DESCRIPTION DU POSTE  CHARGÉ OU CHARGÉE DE REPORTING DURABILITÉ - AU SEIN DE LA DIRECTION RSE GROUPE SNCF   Dans le cadre de l'application de la directive européenne 2022/2464 (CSRD), vous participerez à la campagne 2026 du Rapport de durabilité du Groupe SNCF selon les normes de l'EFRAG.  En lien avec les membres de l'équipe CSRD-Reporting, vous contribuerez à des enjeux concrets :  LES MISSIONS   * CONTRIBUER AU PILOTAGE DE LA CAMPAGNE 2026 DU RAPPORT DE DURABILITÉ ET PRÉPARER LA CAMPAGNE 2027   * EN LIEN AVEC LE CHEF DE PROJET, VOUS APPUYEZ L'ORGANISATION, le suivi et le retour d'expériences de la campagne 2026 la collecte de données avec les équipes métiers,   * PARTICIPER À LA COLLECTE, LA CONSOLIDATION ET L'INTÉGRATION des infos (qualitatives/quantitatives).   * PILOTER LA RÉPONSE GROUPE AU QUESTIONNAIRE DU PACTE MONDIAL DES NATIONS UNIES ET AU RAIL SUSTAINABILITY INDEX DE L'UIC   * COLLECTER les informations auprès des contributeurs  * ORGANISER les validations  * PUBLIER la réponse Groupe  * CONTRIBUER au bilan des campagnes 2026 et synthétiser les recommandations pour les campagnes 2027.   * PARTICIPER AUX ÉVALUATIONS DES AGENCES DE NOTATIONS EXTRA-FINANCIÈRES, INITIATIVES VOLONTAIRES ET REPORTINGS À L'ÉTAT ACTIONNAIRE :   * EcoVadis, CDP (questionnaires Climat et Eau), WBA (World Benchmarking Alliance),  * Reporting à l'APE (Agence des Participations de l'État)   * Collecter les informations auprès des sociétés du Groupe et contribuer à la rédaction des réponses aux questionnaires.  * Contribuer au bilan des campagnes 2026 et synthétiser les recommandations pour les campagnes 2027.   PROFIL RECHERCHÉ  * FORMATION : Master 2 en RSE, développement durable, finance durable, IAE, management ou équivalent, école de commerce    * SOFT SKILLS :   * AUTONOME ET ORGANISÉ(E) (gestion de plusieurs missions en parallèle).  * ESPRIT D'ÉQUIPE (Vous collaborez avec des experts métiers et des parties prenantes internationales).  * CURIEUX(SE) ET ANALYTIQUE (Vous aimez décrypter des réglementations et des données complexes).   * LANGUES : ANGLAIS COURANT (échanges avec l'ONU, lecture de référentiels).   * OUTILS :   * Maîtrise de la SUITE OFFICE (Excel, PowerPoint).  * FLUENCE DM (outil de reporting).  CE QUE NOUS OFFRONS :   * UN CONTRAT EN ALTERNANCE   * UN ACCOMPAGNEMENT : Tutorat dédié, formations aux outils métiers, intégration dans une équipe soudée.  * DES AVANTAGES : Titre de transport (pour tes trajets pro/perso), CE, télétravail partiel.  * UN LIEU INSPIRANT : Siège SNCF SA , dans des locaux modernes et engagés (tri des déchets, cantine durable...).  INFOS PRATIQUES   * DURÉE : 12 mois (idéalement de SEPTEMBRE 2026 À AOÛT 2027   * LIEU : La Plaine St Denis  Envie de DONNER DU SENS À VOTRE ALTERNANCE et de vous engager pour 12 mois ?  Postulez en nous envoyant :   * CV en précisant votre cursus pour la rentrée scolaire 2026 ainsi que le RYTHME D'ALTERNANCE_._",https://www.altays-progiciels.com/sncf-recrutement-externe/back/offre/redirectOffreSiteCarriere/1?NoOffre=2868486&NoSociete=389&NoLangue=1&NoSource=16003,,,False,France Travail,M1403
69ebe7f8ea85c9f7e503f7dd,Apprenti(e) Chargé(e) d’études,Conseil départemental des Hauts-de-Seine,92000 Nanterre,Apprentissage,,2026-09-14T22:00:00.000Z,12,"Licence, BUT, Licence Pro (Bac+3)",1,,,"<p><strong>MISSIONS : </strong> </p><p>En tant qu’apprenti vous rejoindrez l'Unité Management de la donnée, vous participerez à la production des tableaux de bord de pilotage et des études relatives à la population altoséquanaise et à l'activité du pôle Solidarité. </p><p> </p><p><strong>ACTIVITES PRINCIPALES : </strong></p><p>Sous la responsabilité d'un maître d'apprentissage, vous apprendrez à : </p><p> </p><p>1. Elaborer, exploiter et actualiser les tableaux de bord d’activité du pôle Solidarités :<br />Participer à la conception et création des futurs et actuels tableaux de bord de pilotage de l’activité des directions du pôle<br />Alimenter et tenir à jour les différents tableaux de bord de suivi d’activité en fonction des usages, à l’aide de BI et des outils de visualisation de données, à destination de tous les niveaux hiérarchiques<br />Contrôler la cohérence et consolider les données, notamment à travers la réalisation de requêtes de contrôle de saisie</p><p> </p><p>2. Contribuer à la réalisation d’études :<br />Aider à la définition et à la structuration des projets d’études, qu’ils soient menés au sein du Département ou confiés à des prestataires extérieurs (aide à la définition des besoins et proposition d’une méthodologie adaptée)<br />Exploiter et analyser les données, en s’appuyant sur des méthodes quantitatives et/ou qualitatives (entretiens semi directifs, observations, etc.)</p><p>Produire et restituer les résultats, analyses et études (rapports de synthèse, présentations, cartographies...)<br />Mettre à jour et faire évoluer les diagnostics et portraits de territoires existants</p><p> </p><p>3. Participer au portage des projets statistiques du pôle Solidarités :<br />Participer à la conception et à la mise à jour des outils de contrôle et de pilotage de la donnée pour les différentes directions du pôle<br />Appuyer techniquement (Excel, techniques d'enquête, etc.) les services du pôle Solidarités<br />Collecter, gérer et administrer les données sociodémographiques provenant d'organismes extérieurs (recensement de la population INSEE, CAF, DRIHL, DREES, DREETS, etc.)<br />Contribuer à l’élaboration de documents institutionnels (rapport d’activité, rapport de développement durable, etc.)</p><p> </p><p>4. Accompagner aux projets transversaux :<br />Participer à des groupes de travail internes (OPDE, etc.) et externes (nationaux, départementaux, etc.)<br />Venir en appui aux responsables d’application pour les recettes des univers BI</p><p> </p><p><strong>Poste d’apprenti à pouvoir dès septembre 2026</strong></p><p><strong>Comment postuler : CV + Lettre de motivation à envoyer à : </strong></p>",https://www.pass.fonction-publique.gouv.fr/offre/apprentie-chargee-detudes-3,,partners_69ebe7f8ea85c9f7e503f7dd,False,PASS,M1403
6aa1d98ac7fa79d3937d27c7,Développeur informatique junior (H/F),STE DIFFAZUR,06700 Saint-Laurent-du-Var,Apprentissage,,,12,"Bac, Bac Pro, BP (Bac)",1,,"Application web, Langages de programmation informatique, Programmation en Python, Programmation logicielle, Systèmes d'exploitation informatique, Concevoir une application web","DIFFAZUR Piscines, leader européen de la construction de piscine monobloc en béton armé, société familiale créée en 1974, présente en France métropolitaine dans 15 points de vente.  Votre mission : - Développement, maintenance et optimisation de scripts et d'applications en Python et JavaScript. - Intégration, consommation et compréhension de l'architecture d'API REST. - Création, gestion et requêtage de bases de données MySQL/MsSQL. - Préparer et installer le matériel et les logiciels des systèmes et réseaux informatiques - Gérer l'infrastructure : brassage, câblage des équipements - Accompagnement technique des utilisateurs sur leur environnement de travail  Profil recherché : - Etudiant en informatique avec de l'intérêt pour le développement : - Vous préparez une formation en informatique de niveau Bac+2 ou Bac+3 (BUT Informatique, BTS SIO, Titre Pro Développeur). - Vous avez des bases solides en algorithmique (Python/JS) et connaissez la syntaxe SQL (MySQL). - La logique de fonctionnement d'une API REST ne vous est pas inconnue.",https://candidat.francetravail.fr/offres/recherche/detail/213JHQG,,,False,France Travail,M1805
6a9b4221192e2b066175c0d0,Apprenti.e Exploitant.e IT (H/F),NXO OCEAN INDIEN,Chemin Finette 97490 Saint-Denis,Apprentissage,,,12,"Bac, Bac Pro, BP (Bac)",1,,"Application web, Concevoir une application web","Au sein de NXO Océan Indien et accompagné(e) par votre tuteur, vous participerez à l'exploitation, à la supervision et à la maintenance des infrastructures informatiques, tout en développant progressivement vos compétences techniques dans un environnement professionnel stimulant. À ce titre, vous contribuerez au maintien en conditions opérationnelles des systèmes et réseaux, en garantissant leur performance, leur sécurité et leur disponibilité.  Vos principales missions : - Participer au maintien en conditions opérationnelles des environnements clients. - Contribuer à la prise en charge et au traitement des incidents techniques qui vous seront confiés. - Assurer le suivi des demandes et participer à la communication auprès des clients sur leur avancement. - Réaliser des opérations courantes d'exploitation et d'administration (morning cheks, test de restauration, relevé des bandes de back-up,.) - Participer à la mise à jour et à l'enrichissement de la documentation technique. - Accompagner les équipes dans le déploiement et la mise en œuvre de projets techniques. - Veiller à la bonne saisie et au suivi des activités dans les outils internes. - Participer à l'amélioration continue des outils, des processus et des solutions techniques de l'organisation.  Profil recherché : - Etudiant en formation niveau Bac +3 à Bac+5. - Première expérience réussie dans le domaine IT. - Connaissances des environnements Microsoft, Linux, et solutions cloud (Azure, O365). - Bases en réseaux et sécurité informatique. - Rigueur, autonomie et sens du service.  Conditions : - Contrat : Alternance - 12 à 24 mois selon formation suivie - Lieu de travail : Sainte-Clotilde (La Réunion) - Temps de travail : 35h - Rémunération : Selon grille de rémunération applicable - Prise de poste : Dès que possible  Pour postuler : Envoyez votre CV et lettre de motivation à l'adresse Objet : Candidature - Alternance Exploitant / Exploitante IT",https://candidat.francetravail.fr/offres/recherche/detail/213HRSB,,,False,France Travail,M1805
6a862ac2def11190f7e38cad,Développeur / Développeuse informatique (H/F),,59100 Roubaix,Apprentissage,,,12,,1,,,"Description du poste :  Notre organisme de formation est à la recherche du candidat idéal pour le poste de Développeur Web en alternance pour l'un de nos partenaire.  Renforcer l'équipe technique et participer à la conception, au développement et à l'évolution de site.  Missions  Encadré(e) par un développeur confirmé, tu interviendras sur les missions suivantes Développement et maintenance de sites et applications web***Intégration de maquettes (HTML, CSS, JavaScript)***Participation au développement back-end (selon profil : PHP, Python, Node.js, etc Optimisation des performances et de l'accessibilité  Description du profil :  Le candidat idéal est curieux, motivé, avec un intérêt pour le développement commercial et le secteur numérique, possédant une aisance relationnelle, proactif et organisé.",https://www.meteojob.com/jobs/51409157?utm_source=pole-emploi&utm_medium=aggregator-free,,,False,France Travail,M1805
6a7f935f9ef8f4ccc56c4bdd,Apprenti/e développeur/se informatique (H/F),PARIS FASHION SHOPS - PFS,93210 ST DENIS,Apprentissage,,,12,,1,,"Application web, Concevoir une application web","Intitulé de la mission : Développement et maintenance des solutions logicielles de gestion de la logistique interne et externe du groupe (application BO Admin pour Paris Fashion Shops, plateforme Smarty365, et nouveaux projets à venir).  Environnement technique (matériels, logiciels envisagés ou autres pour effectuer le travail) : Vue.js, Laravel, Nest.js, TypeScript, bases de données PostgreSQL et MySQL, API REST, environnement de développement Agile (Scrum), outils de gestion de projet (Notion, Linear), Git, et outils de tests automatisés.  Contexte de la mission : L'entreprise assure la gestion de la logistique interne et externe pour plusieurs activités du groupe. L'alternant(e) rejoindra l'équipe de développement en charge de plusieurs projets : l'application BO Admin, outil interne de pilotage de la logistique de Paris Fashion Shops, la plateforme Smarty365, solution de revente de transport destinée aux commerçants B2B, aux sites e-commerce et aux retailers, ainsi que de nouveaux projets à venir. Elle intégrera une équipe pluridisciplinaire de développeurs et de chefs de projet, qui pilotent au quotidien la roadmap avec des objectifs mensuels à atteindre.  Objectif du projet : Assurer la maintenance corrective et évolutive des solutions existantes (BO Admin et Smarty365), tout en participant au développement de nouvelles fonctionnalités répondant aux besoins métiers de la logistique interne et externe du groupe. L'alternant(e) devra être force de proposition sur les choix techniques et fonctionnels, contribuer à l'amélioration continue des applications, et s'adapter aux évolutions de la roadmap produit définie mensuellement avec les chefs de projet.  Compétences spécifiques requises pour la mission : Maîtrise de Vue.js, Laravel, Nest.js, TypeScript, ainsi que des bases de données PostgreSQL et MySQL. Capacité à travailler en équipe avec des développeurs et des chefs de projet dans un environnement agile. Autonomie, rigueur, capacité d'adaptation et force de proposition. Bonne intégration et compréhension des enjeux métiers liés à la logistique et au transport.",https://candidat.francetravail.fr/offres/recherche/detail/212MBDM,,,False,France Travail,M1805
6a7112ba7e6cdc74ddd1dab1,Alternant R&amp;D Logiciel Embarqué (H/F),CARVOLIX,25000 Besançon,Apprentissage,,,12,,1,,"Application web, Concevoir une application web","Le groupe Carvolix regroupe différents programmes qui développent et fabriquent des dispositifs médicaux implantables innovants.  Le site de Myopowers à Besançon travaille sur un sphincter urinaire artificiel pour traiter l'incontinence urinaire d'effort. Ce dispositif est un implant activé par le patient via une télécommande. Association de mécanique, électronique et logiciel, le sphincter est en cours de développement.  Les missions proposées dans le cadre de l'apprentissage :  Mise à jour CU implantée avec logiciel Centum - Développement logiciel pour applicatif intermédiaire qui doit faire o Remise au propre structure flash externe o Mise à jour du base - Analyse de risque + Test + vérif complet (à voir si on se base sur le base que l'on fera pour la CU ou l'applicatif centum) - Mise à jour des CU avec le nouveau applicatif   Re-développement des outils logiciels PC  - Pour le déploiement o Mise à jour RC/CU patient o Téléchargement de log - Pour production - Pour diagnoqtique  Ecran et modif RV v1.5 - Dev - Test / verif   Qualification et documentation des logiciels de prod  - Calibration -&gt;  revoir la procédure dans sa globalité ? (Différent du test fonctionnel) - Test PCBA CU - Test PCBA RC - Test fonctionnel (exigence ? Sanction ?)   Test de non-régression incluant mesure de courant / estimation de consommation - Nécessité de faire des vérifications de consommation de courant (non faite aujourd'hui) pour s'assurer du zéro impact  - Créer et jouer la séquence complète incluant une routine représentative de l'utilisation - Possible simulation d'intervention technicien (DL log + calibration / zeroing supplémentaire) - Simulation de perte de communication comme pourrait l'avoir le patient   Activité de routine - Maintenance centum - Maintenance actuelle - Dossier marquage préparation et réponse - Analyse log et root cause analysis de pb - Gestion obsolescence   FDA compliance - Gap à couvrir avec marquage CE - SBOM   Refonte RC : on ne le fait pas aujourd'hui car sortie pour juin (indépendance Cicor + maitrise du logiciel) - Reprise des driver (base centum zarlink et flash externe) - Peut être reprise de la SAD : a priori ok pour le marquage CE donc pas de risque associé à la reprise on peut vivre avec l'actuel « normalement » - Si reprise de la RC, réécriture des SRS pour repartir propre (comme avec Centum) - Développement associé - test et verif   Exploitation de la flash de la RC pour des log (aujourd'hui inexistant) - Définition de ce que l'on veut (utilisation patient, perte de com, activation simple de la RC.) - Exigence - Développement - Test et verif - Logiciel d'exploitation (aujourd'hui PC App) pour sortir les statistique    Exploitation de la nouvelle flash PCB CU V2 : plus de donnée disponible =&gt; plus de point en courant sur un déplacement - Reprise du logiciel applicatif centum pour faire plus de mesure lors d'un mouvement - Vérif sur l'impact consommation lors de l'écriture des log en mémoire  - Test et verif   Exploitation du courant pour détection de problème (maintenance prédictive) :  - Manip amont : bruit de mesure du courant / amélioration acquisition / impact conso  - Algorithme  o Détermination d'une base line (implantation ?  Surgery test ?  Calibration ?) o Détermination seuil de défaut : différence entre base line et actuel o Évolution des max + seuil de défaut ? o évolution de la tension de batterie   Prototypage CU V2 - Logiciel de test pour les nouveautés - IRM compatible",https://candidat.francetravail.fr/offres/recherche/detail/211YJZH,,,False,France Travail,M1805
6a18bb1281cc431fb8cbeb87,DGA/Maitrise de l'information/Apprenti/e – Développeur Logiciel  Cyber,DGA - Maitrise de l'information,35170 Bruz,Apprentissage,,2026-09-14T22:00:00.000Z,36,"Master, titre ingénieur, grande école (Bac+5)",1,,,<p>Développement de solution logicielle ou d’outillage contribuant à la production logiciel dans un contexte de Cybersécurité</p>,https://www.pass.fonction-publique.gouv.fr/offre/dgamaitrise-de-linformationapprentie-developpeur-logiciel-cyber,,partners_6a18bb1281cc431fb8cbeb87,False,PASS,M1805
69d973043b78ed95d6d6b514,Apprenti développeur full stack,SGA/DTPM,75007 Paris 7e Arrondissement,Apprentissage,,2026-09-14T22:00:00.000Z,24,"Master, titre ingénieur, grande école (Bac+5)",1,,,"<p>Au sein du centre d’expertise en intelligence artificielle (CEDIA), vous intégrerez une équipe spécialisée en ingénierie logicielle et participerez activement au développement de la plateforme IA du ministère. </p><p>Vos missions principales seront de : </p><ul><li>Participer à la conception et au développement d’applications web</li><li>Contribuer au développement et à l’optimisation des services backend</li><li>Renforcer et faire évoluer les pipelines d’intégration et de déploiement continus (CI/CD) </li></ul>",https://www.pass.fonction-publique.gouv.fr/offre/apprenti-developpeur-full-stack-0,,partners_69d973043b78ed95d6d6b514,False,PASS,M1805
6a99f0b6c3fed00fed947f6d,Alternant Ingénieur projet - Sept 2026 - LYON (H/F),PARLYM,69001 Lyon 1er Arrondissement,Apprentissage,,,24,,1,,,"PARLYM, c'est avant tout?   Plus de 50 ans d'ingénierie, mais surtout une aventure humaine en mouvement  Nous concevons et pilotons des projets d'ingénierie ambitieux, en France comme à l'international. Aujourd'hui, ce sont 2 000 talents passionnés, 330 M euros de CA et 270 clients qui font vivre nos projets au quotidien. Nos équipes conçoivent et réalisent des projets clés en main au coeur de secteurs stratégiques : nucléaire, transition énergétique, industrie, Oil &amp; Gas, défense, pharmacie et énergies renouvelables.   Ce qui fait notre différence ?  Dynamisme, pour avancer et innover  Savoir-faire - une expertise reconnue, construite sur l'excellence technique  Esprit d'équipe, parce que les plus beaux projets se réussissent ensemble   PARLYM, c'est l'ingénierie engagée, ambitieuse et résolument tournée vers l'avenir.   Le poste :   Alternant(e) Ingénieur Projet - Génie des Procédés / Mécanique / Lyon / Alternance 2 ans Lieu : Lyon (déplacements ponctuels à Marseille -10%)  Contrat : Contrat d'alternance - 2 ans Démarrage : Septembre 2026 Objectif assumé : t'intégrer dans l'équipe à l'issue de l'alternance CE QUE TU VAS VRAIMENT FAIRE Intégré(e) à l'équipe ingénierie lyonnaise, tu travailles aux côtés de chefs de projet expérimentés sur des projets industriels concrets : - Coordonner les études techniques entre les différentes disciplines (procédés, mécanique, génie civil') - Suivre l'avancement des lots d'études et contribuer aux reportings projet - Participer à l'élaboration et à la mise à jour des plannings (MS Project) - Contribuer aux études TCE selon les besoins du projet Tu seras accompagné(e) par Jean-François (tuteur) pendant toute la durée du contrat, avec une montée en autonomie progressive sur 6 mois. POURQUOI CETTE ALTERNANCE ? - Tu touches à un projet industriel de bout en bout - pas un rôle de support - Une équipe à taille humaine, avec un accompagnement réel - Une perspective d'embauche concrète à l'issue des 2 ans - c'est l'objectif affiché dès le départ - Une expérience qui compte dans un CV ingénieur : EPC/EPCM, c'est ce que recrutent Technip, Assystem, Framatome demain   Profil recherché :   TON PROFIL Tu prépares un diplôme d'ingénieur avec une dominante en génie des procédés, mécanique ou disciplines connexes (Centrale Lyon, INSA, CPE, Polytech - ou équivalent). Ce qu'on cherche :  Une base technique solide en procédés et/ou mécanique  Un bon sens du relationnel et de la communication transverse - les projets, c'est avant tout du collectif  De la rigueur et une vraie capacité à jongler entre plusieurs sujets  Une expérience sur un outil de conception 3D ou MS Project = un plus apprécié anglais opérationnel",https://www.jobposting.pro/emploi-2688129-120,,,False,France Travail,M1802
6a84d5f743e5c2ce5849a1a8,Assistant informatique H/F,Direction générale des patrimoines et de l'architecture,94220 Charenton-le-Pont,Apprentissage,,2026-09-14T22:00:00.000Z,12,"BTS, DEUST (Bac+2)",1,,,"<p>Sous l'autorité du responsable des systèmes et des réseaux, l'apprenti pourra l'assister dans les missions suivantes sur les deux sites d’implantation de la MPP, à Charenton-le-Pont et au fort de Saint-Cyr (Montigny-le-Bretonneux, Yvelines) :<br />• Participation à la mise en œuvre des moyens et outils nécessaires au maintien et à l’optimisation de la performance des systèmes et réseaux d’information pour l’ensemble du service, dans différents domaines techniques et fonctionnels.<br />• Veille technologique concernant les normes, les technologies et les outils.<br />• Résolution des problèmes techniques constatés ou signalés par les équipes : prise en charge du premier niveau des incidents,<br />analyse et diagnostic des incidents signalés, résolution ou, en tant que de besoin, orientation vers l’expertise de niveau supérieur,<br />suivi du traitement et information du service et des utilisateurs.<br />• Gestion du parc informatique et bureautique : renouvellement des postes, reformatage et récupération des données et des paramétrages.<br />• Assistance des utilisateurs dans leur appropriation des différents outils informatiques et des services de télécommunications dans la<br />résolution des incidents.<br />• Mise en place et déploiement de la politique de sauvegarde des données de l’établissement et restructuration des ressources partagées.</p>",https://www.pass.fonction-publique.gouv.fr/offre/assistant-informatique-hf,01 40 15 76 17,partners_6a84d5f743e5c2ce5849a1a8,False,PASS,M1802
6a8f653c5afa25d807357713,Technicien / Technicienne informatique (H/F),,75009 Paris 9e Arrondissement,Apprentissage,,,24,,1,,,"Description du poste :  Intégré(e) au sein du service informatique, vous participerez à la gestion, à l'administration et à la sécurisation des infrastructures informatiques de l'entreprise.  Vos missions principales Installer, configurer et maintenir les équipements informatiques (postes, serveurs, réseaux) * Assurer le support technique auprès des utilisateurs (helpdesk, assistance) * Participer à l'administration des systèmes (Windows / Linux) * Gérer les droits d'accès et la sécurité des systèmes * Superviser le bon fonctionnement du réseau et des équipements * Participer à des projets d'évolution de l'infrastructure IT * Rédiger des documentations techniques  Description du profil Titulaire (ou en cours d'obtention) d'un Bac (général, technologique ou professionnel)***Intérêt fort pour les systèmes, réseaux et la cybersécurité***Connaissances de base en informatique (réseaux, systèmes d'exploitation)***Rigueur, autonomie et sens du service***Bon relationnel et esprit d'équipe",https://www.meteojob.com/jobs/56320369?utm_source=pole-emploi&utm_medium=aggregator-free,,,False,France Travail,M1810
6a8e13d35f8726469f7f0df2,Technicien(ne) Informatique &amp; Support bancs de test H/F,SEPROLEC SAS,14500 Vire Normandie,Apprentissage,,,24,,1,,,"Votre défi :   Support &amp; assistance aux utilisateurs :    Support informatique &amp; dépannage de niveau 1 ;   Diagnostic et résolution des incidents informatiques courants ;   Assistance aux utilisateurs (matériel, réseau, Aegis) ;   Gestion &amp; maintenance du parc informatique :   Gestion du parc (préparation / inventaire des postes) ;   Maintenance &amp; supervision des bancs de test :   Maintenance des bancs de test ;   Vérification du bon fonctionnement des bancs de test ;   Documentation &amp; amélioration des moyens :   Participation à la documentation technique et à l'amélioration des moyens ;  Etudiante(e), vous préparez un BAC+2 orienté Informatique &amp; Réseaux ou Maintenance industrielle avec spécialisation informatique.   Vous souhaitez évoluer dans un environnement industriel ;   Vous avez un esprit d'équipe ;   Vous êtes rigoureux(se) et organisé(e) ;",https://www.lindustrie-recrute.fr/candidat/offre/824167?utm_source=NQ==,,,False,France Travail,M1810
6a80e49f9ef8f4ccc56d42fb,Alternance Technicien(ne) informatique - Lyon (F/H),,69000 LYON,Professionnalisation,,,12,,1,,,"Assurer le bon fonctionnement et la supervision des systèmes informatiques.Installer, configurer et mettre à jour les postes, systèmes et logiciels.Gérer les sauvegardes et la sécurité des données.Diagnostiquer et résoudre les incidents techniques.Administrer les droits d'accès et le parc informatique.Déployer des logiciels et automatiser certaines tâches via des scripts.Installer et intégrer les équipements informatiques et réseau.Surveiller les applications, les réseaux et les performances des systèmes.Optimiser les infrastructures informatiques et assurer leur disponibilité.Accompagner et former les utilisateurs sur les nouveaux outils.Documenter les procédures techniques et assurer une veille technologique.",https://www.directemploi.com/candidatOffre/56029342?utm_source=pole-emploi&utm_medium=referral&utm_campaign=Pôle-Emploi,,,False,France Travail,M1810
6a6292d326377934b7f57649,Groupe LDLC - Technicien / Technicienne informatique (H/F),Groupe LDLC,33700 Mérignac,Professionnalisation,,,24,,1,,,"Chez LDLC, nous sommes avant tout des passionnés d'informatique ! Depuis plus de 25 ans, nous accompagnons nos clients dans l'univers de l'informatique et du high-tech, avec plus de 100 boutiques physiques partout en France et notre site e-commerce. Et c'est justement au sein de notre magasin de Bordeaux Mérignac que nous cherchons notre futur talent ! Tu es passionné par l'informatique et les nouvelles technologies ? Tu as envie de mettre en pratique tes connaissances et d'apprendre aux côtés d'une équipe de pros ? Ça tombe bien, LDLC Bordeaux Mérignac cherche son futur Technicien Informatique en Alternance ! Ce que nous te proposons :- Une mission stimulante : Au cœur de notre boutique, tu seras le héros du quotidien pour nos clients ! Montage PC, diagnostic, réparation, conseil... La routine ? Jamais !  Un apprentissage au top : Viens développer tes compétences techniques (hardware, software, réseaux) et ta relation client. On te garantit une formation solide et un accompagnement personnalisé. Une équipe accueillante : Intègre une équipe dynamique et passionnée, toujours prête à partager son savoir. Chez LDLC, la bonne ambiance est de mise ! L'esprit LDLC : Rejoins une entreprise reconnue pour son expertise et sa proximité avec ses clients.  Tes futures missions :- Accueillir et conseiller nos clients avec le sourire.  Diagnostiquer et réparer les pannes matérielles et logicielles. Assembler et configurer des PC sur mesure. Installer et mettre à jour les systèmes d'exploitation et les logiciels. Assurer la maintenance préventive et corrective du matériel informatique. Participer à la gestion du stock des pièces détachées.  Ce que nous recherchons chez toi :- Tu prépares une formation en informatique (BTS SIO, DUT GEII, Licence Pro...).  Tu as une première expérience (même personnelle) en montage/dépannage PC. Tu es rigoureux, autonome et organisé. Ton sens du service client est irréprochable. Tu as une soif d'apprendre insatiable et tu es force de proposition. Tu es passionné(e) par l'univers du hardware et du gaming (un plus !).",https://carrieres.groupe-ldlc.com/fr/annonce/4514943-technicien-informatique-en-apprentisage-hf-33700-merignac?s_o=France+Travail&s_b=DigitalRecruiters,,,False,France Travail,M1810
