nom,adresse,code_postal,ville,telephone,siteweb,service,type_contrat_observe,sources
SPH-GERARD BERTRAND,12 RUE DU REC DE VEYRET,11100,NARBONNE,,,,apprentissage,2025-Liste-entreprises-apprentissage-ou stage-BUT / 2023-2024
ARCELORMITTAL CENTRES DE SERVICES,1 Rue Emile Druart,51100,REIMS,,,,apprentissage,2025-Liste-entreprises-apprentissage-ou stage-BUT / 2023-2024
WATT & CO INGENIERIE,31 Rue Houles,81200,MAZAMET,,,,apprentissage,2025-Liste-entreprises-apprentissage-ou stage-BUT / 2023-2024
Owliance Services Informatiques,187 AVENUE JACQUES DOUZANS,31600,MURET,,,,apprentissage,2025-Liste-entreprises-apprentissage-ou stage-BUT / 2023-2024
MINISTERE DE LA SANTE ET PREVENTION,78 Rue Olivier De Serres,75015,PARIS 15,,,,apprentissage,2025-Liste-entreprises-apprentissage-ou stage-BUT / 2023-2024
BPCE ASSURANCES IARD,3 RUE ANDRE DOUSSE,33700,MERIGNAC,,,,apprentissage,2025-Liste-entreprises-apprentissage-ou stage-BUT / 2023-2024
ONF TOULOUSE,23 Bis Bd De Bonrepos,31000,TOULOUSE,,,,apprentissage,2025-Liste-entreprises-apprentissage-ou stage-BUT / 2023-2024
CONSEIL DEPARTEMENTAL DE L'HERAULT,1977 AVENUE DES MOULINS,34070,MONTPELLIER,,,,apprentissage,"2025-Liste-entreprises-apprentissage-ou stage-BUT / 2023-2024, 2025-Liste-entreprises-apprentissage-ou stage-BUT / 2023-2024"
MAIRIE DE PERPIGNAN,PLACE DE LA LOGE,66100,PERPIGNAN,,,,apprentissage,2025-Liste-entreprises-apprentissage-ou stage-BUT / 2023-2024
BRL INGÉNIERIE,1105 AVENUE PIERRE MENDÈS FRANCE,30900,NIMES,,,,apprentissage,2025-Liste-entreprises-apprentissage-ou stage-BUT / 2023-2024
CREDIT AGRICOLE SUD MEDITERRANEE,30 Rue Pierre Bretonneau,66100,PERPIGNAN,,,,apprentissage,2025-Liste-entreprises-apprentissage-ou stage-BUT / 2023-2024
AIRBUS OPERATIONS SAS TOULOUSE,316 RTE DE BAYONNE ROND POINT DE LA CR,31000,TOULOUSE,,,,apprentissage,2025-Liste-entreprises-apprentissage-ou stage-BUT / 2023-2024
DOTIC,9 Rue André Darbon,33300,BORDEAUX,,,,apprentissage,2025-Liste-entreprises-apprentissage-ou stage-BUT / 2023-2024
SDIS 11,RUE ARISTIDE BERGES,11000,CARCASSONNE,,,,apprentissage,2025-Liste-entreprises-apprentissage-ou stage-BUT / 2023-2024
DEPARTEMENT ISERE,7 RUE FANTIN LATOUR,38000,GRENOBLE,,,,apprentissage,2025-Liste-entreprises-apprentissage-ou stage-BUT / 2023-2024
CAISSE ALLOCATIONS FAMILIALES YVELINES,7 RUE DES ETANGS GOBERT,78000,VERSAILLES,,,,apprentissage,2025-Liste-entreprises-apprentissage-ou stage-BUT / 2023-2024
CREUZET AERONAUTIQUE,77 RUE JEAN MERMOZ,47200,MARMANDE,,,,apprentissage,2025-Liste-entreprises-apprentissage-ou stage-BUT / 2023-2024
DEPARTEMENT DES PO,24 QUAI SADI CARNOT,66100,PERPIGNAN,,,,apprentissage,2025-Liste-entreprises-apprentissage-ou stage-BUT / 2023-2024
VEOLIA EAU - CGE,765 RUE HENRI BECQUEREL,34070,MONTPELLIER,,,,apprentissage,2025-Liste-entreprises-apprentissage-ou stage-BUT / 2023-2024
SOCIETE DU BASSIN D'ARCACHON ASSAINISSEMENT ET PAR ABREVIATION SB2A,152 BIS AVENUE DE LA COTE D'ARGENT,33380,BIGANOS,,,,apprentissage,2025-Liste-entreprises-apprentissage-ou stage-BUT / 2023-2024
ST MICROELECTRONICS (CROLLES 2) SAS,850 RUE JEAN MONNET,38920,CROLLES,,,,apprentissage,"2025-Liste-entreprises-apprentissage-ou stage-BUT / 2023-2024, 2025-Liste-entreprises-apprentissage-ou stage-BUT / 2024-2025"
SUEZ EAU FRANCE,12 ROUTE DE BESSAN,34340,MARSEILLAN,,,,apprentissage,2025-Liste-entreprises-apprentissage-ou stage-BUT / 2023-2024
TOULOUSE MÉTROPOLE,6 Rue René Leduc,31500,TOULOUSE,,,,apprentissage,2025-Liste-entreprises-apprentissage-ou stage-BUT / 2023-2024
GIFI,LA BOULBENE,47300,VILLENEUVE SUR LOT,,,,apprentissage,2025-Liste-entreprises-apprentissage-ou stage-BUT / 2023-2024
RENAULT SAS,19 AVENUE DESCARTES,92350,LE PLESSIS ROBINSON,,,,apprentissage,"2025-Liste-entreprises-apprentissage-ou stage-BUT / 2023-2024, 2025-Liste-entreprises-apprentissage-ou stage-BUT / 2023-2024"
Assurance maladie,,11000,CARCASSONNE,,,,apprentissage,2025-Liste-entreprises-apprentissage-ou stage-BUT / 2023-2024
CONSEIL DEPARTEMENTAL DE L'AUDE,CARCASSONNE,,,,,,stage,2025-Liste-entreprises-apprentissage-ou stage-BUT / 2023-2024
CARCASSONNE AGGLO,CARCASSONNE,,,,,,stage,"2025-Liste-entreprises-apprentissage-ou stage-BUT / 2023-2024, 2025-Liste-entreprises-apprentissage-ou stage-BUT / 2023-2024"
"CNRS, DELEGATION OCCITANIE EST",MONTPELLIER,,,,,,stage,2025-Liste-entreprises-apprentissage-ou stage-BUT / 2023-2024
DEPARTEMENT DE L'AUDE,CARCASSONNE,,,,,,stage,2025-Liste-entreprises-apprentissage-ou stage-BUT / 2023-2024
CNRS,MONTPELLIER,,,,,,stage,2025-Liste-entreprises-apprentissage-ou stage-BUT / 2023-2024
HITECH,TOULOUSE,,,,,,stage,2025-Liste-entreprises-apprentissage-ou stage-BUT / 2023-2024
DIRECTION REGIONALE FINANCES PUBLIQUES ILE DE FRANCE ET PARIS,PARIS CEDEX 02,,,,,,stage,2025-Liste-entreprises-apprentissage-ou stage-BUT / 2023-2024
STUDEC,BLAGNAC,,,,,,stage,2025-Liste-entreprises-apprentissage-ou stage-BUT / 2023-2024
OFFICE NATIONAL DES FORETS O.N.F,MAISON ALFORT CEDEX,,,,,,stage,"2025-Liste-entreprises-apprentissage-ou stage-BUT / 2023-2024, 2025-Liste-entreprises-apprentissage-ou stage-BUT / 2023-2024"
TEAM ENDAVANT,SAINT JEAN DE VEDAS,,,,,,stage,2025-Liste-entreprises-apprentissage-ou stage-BUT / 2023-2024
CONSEIL GENERAL DE L'ARIEGE,FOIX,,,,,,stage,2025-Liste-entreprises-apprentissage-ou stage-BUT / 2023-2024
KFC Carcassonne,FERRAUDIERE,11000,CARCASSONNE,,,KFC,stage,"2025-Liste-entreprises-apprentissage-ou stage-BUT / 2023-2024, 2025-Liste-entreprises-apprentissage-ou stage-BUT / 2024-2025"
SOCIETE EXPERALYA,PONTAULT COMBAULT,,,,,,stage,2025-Liste-entreprises-apprentissage-ou stage-BUT / 2023-2024
OPTIONWAY,MOUGINS,,,,,,stage,2025-Liste-entreprises-apprentissage-ou stage-BUT / 2023-2024
TOUALI DIGITAL AGENCY,BOISSY ST LEGER,,,,,,stage,2025-Liste-entreprises-apprentissage-ou stage-BUT / 2023-2024
UNIVERSITE DE PERPIGNAN VIA DOMITIA,52 AV PAUL ALDUY,66860,PERPIGNAN,,,LAMPS (Laboratoire de Modélisation Pluridisciplinaire et Simulations),stage,"2025-Liste-entreprises-apprentissage-ou stage-BUT / 2023-2024, 2025-Liste-entreprises-apprentissage-ou stage-BUT / 2023-2024, 2025-Liste-entreprises-apprentissage-ou stage-BUT / 2023-2024, 2025-Liste-entreprises-apprentissage-ou stage-BUT / 2024-2025"
INSTITUT DE FORMATION EN SOINS INFIRMIERS,CARCASSONNE,,,,,,stage,2025-Liste-entreprises-apprentissage-ou stage-BUT / 2023-2024
COMMUNAUTE DE COMMUNES LA DOMITIENNE,MAUREILHAN,,,,,,stage,2025-Liste-entreprises-apprentissage-ou stage-BUT / 2023-2024
MAIRIE DE CARCASSONNE,CARCASSONNE,,,,,,stage,2025-Liste-entreprises-apprentissage-ou stage-BUT / 2023-2024
ECOLE NATIONALE DE L'AVIATION CIVILE,TOULOUSE,,,,,,stage,2025-Liste-entreprises-apprentissage-ou stage-BUT / 2023-2024
SICOVAL,LABEGE,,,,,,stage,"2025-Liste-entreprises-apprentissage-ou stage-BUT / 2023-2024, 2025-Liste-entreprises-apprentissage-ou stage-BUT / 2023-2024"
TURAN CONSTRUCTION ET RENOVATION,SARCELLES,,,,,,stage,2025-Liste-entreprises-apprentissage-ou stage-BUT / 2023-2024
CARCASSONNE AGGLO SOLIDARITE,CARCASSONNE,,,,,,stage,2025-Liste-entreprises-apprentissage-ou stage-BUT / 2023-2024
LET'S WEB,EL JADIDA,,,,,,stage,2025-Liste-entreprises-apprentissage-ou stage-BUT / 2023-2024
MAISON DE SANTE D'ILLE SUR TET,ILLE-SUR-TET,,,,,,stage,2025-Liste-entreprises-apprentissage-ou stage-BUT / 2023-2024
CEFREM,PERPIGNAN,,,,,,stage,2025-Liste-entreprises-apprentissage-ou stage-BUT / 2023-2024
Entreprise,,Entreprise Code postal,Entreprise Ville,,,,apprentissage,2025-Liste-entreprises-apprentissage-ou stage-BUT / 2024-2025
AMPERE,,78280,GUYANCOURT,,,,apprentissage,2025-Liste-entreprises-apprentissage-ou stage-BUT / 2024-2025
SUEZ,,34340,MARSEILLAN,,,,apprentissage,2025-Liste-entreprises-apprentissage-ou stage-BUT / 2024-2025
TELESPAZIO FRANCE,26 AV Jean-François Champollion,31100,TOULOUSE,,,Logistique,stage,2025-Liste-entreprises-apprentissage-ou stage-BUT / 2024-2025
CNRS Délégation Centre Est,17 rue Notre Dame des Pauvres,54500,VANDOEUVRE LES NANCY,,,LORIA UMR 7503,stage,2025-Liste-entreprises-apprentissage-ou stage-BUT / 2024-2025
Université de Lorraine,615 Rue du Jardin-Botanique,54500,VANDOEUVRE LES NANCY,,,LORIA,stage,2025-Liste-entreprises-apprentissage-ou stage-BUT / 2024-2025
SIREHNA,5 rue de l’Halbrane,44340,BOUGUENAIS,,,cellule de coordination opérationnelle,stage,2025-Liste-entreprises-apprentissage-ou stage-BUT / 2024-2025
DEBELEC,2682 Bld François Xavier Fafeur,11000,CARCASSONNE,,,Service infomatique,stage,2025-Liste-entreprises-apprentissage-ou stage-BUT / 2024-2025
CCRLCM COMMUNAUTE DE COMMUNES REGION LEZIGNANAISE CORBIERES ET MINERVOIS,45 Avenue Charles Cros,11200,LEZIGNAN CORBIERES,,,service aménagement du territoire,stage,2025-Liste-entreprises-apprentissage-ou stage-BUT / 2024-2025
Fédération des réserves naturelles catalanes,9 rue de Mahou,66500,PRADES,,,Fédération des réserves naturelles catalanes,stage,2025-Liste-entreprises-apprentissage-ou stage-BUT / 2024-2025
La Fédération Audoise des Œuvres Laïques,"22 rue Antoine Marty, CS 60113",11000,CARCASSONNE,,,Patrimoine,stage,2025-Liste-entreprises-apprentissage-ou stage-BUT / 2024-2025
ARML OCCITANIE ASSOCIATION REGIONALE DES MISSIONS LOCALES OCCITANIE,185 ALLEE DU NOUVEAU MONDE,34000,MONTPELLIER,,,Association Régionale des Missions Locales Occitanie (ARML),stage,2025-Liste-entreprises-apprentissage-ou stage-BUT / 2024-2025
GINGER BURGEAP,389 Av. Agropolis,34980,MONTFERRIER SUR LEZ,,,Agence du Cirad,stage,2025-Liste-entreprises-apprentissage-ou stage-BUT / 2024-2025
PAARLY,31 Allées Jules Guesdes,31,Toulouse,,,,,liste_entreprise_plus / Sheet1
CS Group Solutions,116 Route d'Espagne,31,Toulouse,,,,,liste_entreprise_plus / Sheet1
CS Group France,6 Rue Brindejonc des Moulinais,31500,Toulouse,,,,,liste_entreprise_plus / Sheet1
Aqsone,15 Chem. de la Crabe,31300,Toulouse,,,,,liste_entreprise_plus / Sheet1
Syngenta,12 Chem. de l'Hobit,31790,Saint-Sauveur,,,,,liste_entreprise_plus / Sheet1
Thales Group,105 Av. du Général Eisenhower,31,Toulouse,,,,,liste_entreprise_plus / Sheet1
Thales Service,3 Av. de l'Europe,31400,Toulouse,,,,,liste_entreprise_plus / Sheet1
ABMI,5 Av. Albert Durand,31700,Blagnac,,,,,liste_entreprise_plus / Sheet1
Pôle Emploi,"400, avenue Marcel-Dassault CS 10012",34171,Castelnau-le-Lez Cedex,,,,,liste_entreprise_plus / Sheet1
BASSETTI,106 Av. Tolosane,31520,Ramonville-Saint-Agne,,,,,liste_entreprise_plus / Sheet1
Fortil,Chemin de Limayrac,31500,Toulouse,,,,,liste_entreprise_plus / Sheet1
Vitesco Technologies,44 Av. du Général de Croutte,31100,Toulouse,,,,,liste_entreprise_plus / Sheet1
AKKA Technologies,7 Bd Henri Ziegler,31700,Blagnac,,,,,liste_entreprise_plus / Sheet1
EPSILON ALCEN,3 Rue Tarfaya,31400,Toulouse,,,,,liste_entreprise_plus / Sheet1
TECH VALLEY,120 Rue James Watt,66100,Perpignan,,,,,liste_entreprise_plus / Sheet1
Itrust,118 Rte d'Espagne,31100,Toulouse,,,,,liste_entreprise_plus / Sheet1
Pierre Fabre,Cauquillous Bas,81500,Lavaur,,,,,liste_entreprise_plus / Sheet1
Activus Group,1 Chem. du Pigeonnier de la Cépière,31100,Toulouse,,,,,liste_entreprise_plus / Sheet1
OPEN,13 Rue André Villet,31400,Toulouse,,,,,liste_entreprise_plus / Sheet1
EVOTEC,195 Rte d'Espagne,31100,Toulouse,,,,,liste_entreprise_plus / Sheet1
GEOSYS,"Bâtiment B B Park, 2 Rue Joseph Hubert",31130,Balma,,,,,liste_entreprise_plus / Sheet1
Action_SSI.com,109 Rue Jean Bart,31670,Labège,,,,,liste_entreprise_plus / Sheet1
LR Technologies Sud Ouest,5 Av. Albert Durand,31700,Blagnac,,,,,liste_entreprise_plus / Sheet1
Egis,889 Rue de la Vieille Poste,34965,Montpellier,,,,,liste_entreprise_plus / Sheet1
@talentEgal',,31,Toulouse,,,,,liste_entreprise_plus / Sheet1
Klanik,48 All. Forain-François Verdier,31000,Toulouse,,,,,liste_entreprise_plus / Sheet1
SAS Proxiel,148 Rue Marius Carrieu,34080,Montpellier,,,,,liste_entreprise_plus / Sheet1
Hôpital La colombière,39 Av. Charles Flahault,34090,Montpellier,,,,,liste_entreprise_plus / Sheet1
Business & Decision Corporate Services,991 Rue de la Valsière,34790,Montpellier,,,,,liste_entreprise_plus / Sheet1
VIVERAIS,,34,Montpellier,,,,,liste_entreprise_plus / Sheet1
IFAG,4 Rue Paul Bernies,31200,Toulouse,,,,,liste_entreprise_plus / Sheet1
SII Technologies GmbH HR-Service,,31,Toulouse,,,,,liste_entreprise_plus / Sheet1
umlaut AG,"B - 3ème étage, Ilot 3B, Cap Constellation, 3 Bd Henri Ziegler,",31700,Blagnac,,,,,liste_entreprise_plus / Sheet1
Spring,22 Rte de Launaguet,31200,Toulouse,,,,,liste_entreprise_plus / Sheet1
Teads,159 Rue de Thor,34000,Montpellier,,,,,liste_entreprise_plus / Sheet1
APSYS,36 Rue Raymond Grimaud,31700,Blagnac,,,,,liste_entreprise_plus / Sheet1
ATOS,"Les Espaces St Martin, 6 Imp. Alice Guy",31300,Toulouse,,,,,liste_entreprise_plus / Sheet1
Société 3dTrust,31 All. Jules Guesde,31400,Toulouse,,,,,liste_entreprise_plus / Sheet1
Thales Alenia Space,26 Av. Jean François Champollion,31100,Toulouse,,,,,liste_entreprise_plus / Sheet1
Capgemini Engineering,8 Rue Paul Mesplé,31100,Toulouse,,,,,liste_entreprise_plus / Sheet1
TORUS AI,3 Av. Didier Daurat,31400,Toulouse,,,,,liste_entreprise_plus / Sheet1
ALTRAN,17 Av. Didier Daurat,31700,Blagnac,,,,,liste_entreprise_plus / Sheet1
MiPih,12 Rue Michel Labrousse,31100,Toulouse,,,,,liste_entreprise_plus / Sheet1
Airbus D&S,5 All. Jean Griffon,31400,Toulouse,,,,,liste_entreprise_plus / Sheet1
Continental Toulouse,1 av. Paul Ourliac,31100,Toulouse,,,,,liste_entreprise_plus / Sheet1
Forsk,7 Rue des Briquetiers,31700,Blagnac,,,,,liste_entreprise_plus / Sheet1
Extia,2 Esp. Compans Caffarelli,31100,Toulouse,,,,,liste_entreprise_plus / Sheet1
GEOTREND,31 All. Jules Guesde,31100,Toulouse,,,,,liste_entreprise_plus / Sheet1
Safety Data,4 Imp. Montcabrier,31500,Toulouse,,,,,liste_entreprise_plus / Sheet1
Webminage,45 Rue Jacques Gamelin,31100,Toulouse,,,,,liste_entreprise_plus / Sheet1
VISEO,8 Chem. de la Terrasse Bâtiment Hélios,31100,Toulouse,,,,,liste_entreprise_plus / Sheet1
Ksaar,19 Rue Croix Baragnon,31100,Toulouse,,,,,liste_entreprise_plus / Sheet1
Next decision,16 Rue Arnaud Vidal,31100,Toulouse,,,,,liste_entreprise_plus / Sheet1
